{
  "adaptive_rho_0.0": {
    "regime": "adaptive",
    "rho_a": 0.0,
    "n_runs": 5,
    "toxicity_mean": 0.23647105854622333,
    "toxicity_std": 0.008463484268561004,
    "welfare_mean": 1141.1526735358482,
    "welfare_std": 24.1587548021298,
    "quality_gap_mean": 0.4336322309277779,
    "quality_gap_std": 0.017195011515357607,
    "acceptance_rate_mean": 0.5896,
    "mean_p_cooperative": 0.7908015671145716,
    "mean_p_selfish": 0.40786634347600204,
    "mean_p_exploitative": 0.32452886155685834
  },
  "adaptive_rho_0.1": {
    "regime": "adaptive",
    "rho_a": 0.1,
    "n_runs": 5,
    "toxicity_mean": 0.2296317320854257,
    "toxicity_std": 0.0073835121211212155,
    "welfare_mean": 1088.632472689416,
    "welfare_std": 26.272465441655225,
    "quality_gap_mean": 0.43365098473639946,
    "quality_gap_std": 0.01725289956572266,
    "acceptance_rate_mean": 0.5737333333333333,
    "mean_p_cooperative": 0.7908015671145716,
    "mean_p_selfish": 0.40786634347600204,
    "mean_p_exploitative": 0.32452886155685834
  },
  "adaptive_rho_0.2": {
    "regime": "adaptive",
    "rho_a": 0.2,
    "n_runs": 5,
    "toxicity_mean": 0.2243870083935033,
    "toxicity_std": 0.006736052387287711,
    "welfare_mean": 1040.23145711418,
    "welfare_std": 27.768864314535257,
    "quality_gap_mean": 0.43279122095288564,
    "quality_gap_std": 0.017460048108031756,
    "acceptance_rate_mean": 0.5606666666666666,
    "mean_p_cooperative": 0.7908015671145716,
    "mean_p_selfish": 0.40786634347600204,
    "mean_p_exploitative": 0.32452886155685834
  },
  "adaptive_rho_0.3": {
    "regime": "adaptive",
    "rho_a": 0.3,
    "n_runs": 5,
    "toxicity_mean": 0.2201604238613274,
    "toxicity_std": 0.005247702804866084,
    "welfare_mean": 994.3853765082744,
    "welfare_std": 28.86001986616569,
    "quality_gap_mean": 0.4311374059797118,
    "quality_gap_std": 0.01777305209579944,
    "acceptance_rate_mean": 0.5490666666666667,
    "mean_p_cooperative": 0.7908015671145716,
    "mean_p_selfish": 0.40786634347600204,
    "mean_p_exploitative": 0.32452886155685834
  },
  "adaptive_rho_0.4": {
    "regime": "adaptive",
    "rho_a": 0.4,
    "n_runs": 5,
    "toxicity_mean": 0.21663683125909122,
    "toxicity_std": 0.0046855515225643594,
    "welfare_mean": 949.9260417316834,
    "welfare_std": 28.1010776781588,
    "quality_gap_mean": 0.42863878344870987,
    "quality_gap_std": 0.018159700656446627,
    "acceptance_rate_mean": 0.5381333333333334,
    "mean_p_cooperative": 0.7908015671145716,
    "mean_p_selfish": 0.40786634347600204,
    "mean_p_exploitative": 0.32452886155685834
  },
  "adaptive_rho_0.5": {
    "regime": "adaptive",
    "rho_a": 0.5,
    "n_runs": 5,
    "toxicity_mean": 0.21386251672787843,
    "toxicity_std": 0.004945439990204857,
    "welfare_mean": 906.7660741853517,
    "welfare_std": 25.43362755709953,
    "quality_gap_mean": 0.4253630591681277,
    "quality_gap_std": 0.017289537066835135,
    "acceptance_rate_mean": 0.5281333333333333,
    "mean_p_cooperative": 0.7908015671145716,
    "mean_p_selfish": 0.40786634347600204,
    "mean_p_exploitative": 0.32452886155685834
  },
  "adaptive_rho_0.6": {
    "regime": "adaptive",
    "rho_a": 0.6,
    "n_runs": 5,
    "toxicity_mean": 0.21047362038165546,
    "toxicity_std": 0.005531194315594787,
    "welfare_mean": 859.7925710814455,
    "welfare_std": 23.29833003544259,
    "quality_gap_mean": 0.41962105989030885,
    "quality_gap_std": 0.017095600388630977,
    "acceptance_rate_mean": 0.5136,
    "mean_p_cooperative": 0.7908015671145716,
    "mean_p_selfish": 0.40786634347600204,
    "mean_p_exploitative": 0.32452886155685834
  },
  "adaptive_rho_0.7": {
    "regime": "adaptive",
    "rho_a": 0.7,
    "n_runs": 5,
    "toxicity_mean": 0.2066677407143192,
    "toxicity_std": 0.005469768694340078,
    "welfare_mean": 806.7103502554305,
    "welfare_std": 25.6440556593911,
    "quality_gap_mean": 0.41017034827225557,
    "quality_gap_std": 0.017291292835712308,
    "acceptance_rate_mean": 0.49306666666666665,
    "mean_p_cooperative": 0.7908015671145716,
    "mean_p_selfish": 0.40786634347600204,
    "mean_p_exploitative": 0.32452886155685834
  },
  "adaptive_rho_0.8": {
    "regime": "adaptive",
    "rho_a": 0.8,
    "n_runs": 5,
    "toxicity_mean": 0.19899927139062357,
    "toxicity_std": 0.004301995705218745,
    "welfare_mean": 719.1004540677368,
    "welfare_std": 37.871255322922956,
    "quality_gap_mean": 0.3865556660021926,
    "quality_gap_std": 0.019470925464153042,
    "acceptance_rate_mean": 0.4418666666666667,
    "mean_p_cooperative": 0.7908015671145716,
    "mean_p_selfish": 0.40786634347600204,
    "mean_p_exploitative": 0.32452886155685834
  },
  "adaptive_rho_0.9": {
    "regime": "adaptive",
    "rho_a": 0.9,
    "n_runs": 5,
    "toxicity_mean": 0.18197286582673075,
    "toxicity_std": 0.003234968735825033,
    "welfare_mean": 534.7401923912305,
    "welfare_std": 46.444745940195055,
    "quality_gap_mean": 0.34052529999078485,
    "quality_gap_std": 0.01757697579318312,
    "acceptance_rate_mean": 0.31626666666666664,
    "mean_p_cooperative": 0.7908015671145716,
    "mean_p_selfish": 0.40786634347600204,
    "mean_p_exploitative": 0.32452886155685834
  },
  "adaptive_rho_1.0": {
    "regime": "adaptive",
    "rho_a": 1.0,
    "n_runs": 5,
    "toxicity_mean": 0.156572038991212,
    "toxicity_std": 0.003734497667189898,
    "welfare_mean": 339.8095809527997,
    "welfare_std": 46.859775792066806,
    "quality_gap_mean": 0.317243661697568,
    "quality_gap_std": 0.014487831191791877,
    "acceptance_rate_mean": 0.186,
    "mean_p_cooperative": 0.7908015671145716,
    "mean_p_selfish": 0.40786634347600204,
    "mean_p_exploitative": 0.32452886155685834
  },
  "static_rho_0.0": {
    "regime": "static",
    "rho_a": 0.0,
    "n_runs": 5,
    "toxicity_mean": 0.23647105854622333,
    "toxicity_std": 0.008463484268561004,
    "welfare_mean": 1141.1526735358482,
    "welfare_std": 24.1587548021298,
    "quality_gap_mean": 0.4336322309277779,
    "quality_gap_std": 0.017195011515357607,
    "acceptance_rate_mean": 0.5896,
    "mean_p_cooperative": 0.7908015671145716,
    "mean_p_selfish": 0.40786634347600204,
    "mean_p_exploitative": 0.32452886155685834
  },
  "static_rho_0.1": {
    "regime": "static",
    "rho_a": 0.1,
    "n_runs": 5,
    "toxicity_mean": 0.23647105854622333,
    "toxicity_std": 0.008463484268561004,
    "welfare_mean": 1099.3095184382391,
    "welfare_std": 24.07552096545366,
    "quality_gap_mean": 0.4336322309277779,
    "quality_gap_std": 0.017195011515357607,
    "acceptance_rate_mean": 0.5896,
    "mean_p_cooperative": 0.7908015671145716,
    "mean_p_selfish": 0.40786634347600204,
    "mean_p_exploitative": 0.32452886155685834
  },
  "static_rho_0.2": {
    "regime": "static",
    "rho_a": 0.2,
    "n_runs": 5,
    "toxicity_mean": 0.23647105854622333,
    "toxicity_std": 0.008463484268561004,
    "welfare_mean": 1057.4663633406296,
    "welfare_std": 24.195600843288236,
    "quality_gap_mean": 0.4336322309277779,
    "quality_gap_std": 0.017195011515357607,
    "acceptance_rate_mean": 0.5896,
    "mean_p_cooperative": 0.7908015671145716,
    "mean_p_selfish": 0.40786634347600204,
    "mean_p_exploitative": 0.32452886155685834
  },
  "static_rho_0.3": {
    "regime": "static",
    "rho_a": 0.3,
    "n_runs": 5,
    "toxicity_mean": 0.23647105854622333,
    "toxicity_std": 0.008463484268561004,
    "welfare_mean": 1015.6232082430198,
    "welfare_std": 24.516007114100496,
    "quality_gap_mean": 0.4336322309277779,
    "quality_gap_std": 0.017195011515357607,
    "acceptance_rate_mean": 0.5896,
    "mean_p_cooperative": 0.7908015671145716,
    "mean_p_selfish": 0.40786634347600204,
    "mean_p_exploitative": 0.32452886155685834
  },
  "static_rho_0.4": {
    "regime": "static",
    "rho_a": 0.4,
    "n_runs": 5,
    "toxicity_mean": 0.23647105854622333,
    "toxicity_std": 0.008463484268561004,
    "welfare_mean": 973.7800531454089,