{
  "scenario_id": "rlm_governance_lag",
  "timestamp": "2026-02-10T21:59:30.200706",
  "seeds": [
    42,
    7,
    123,
    256,
    999,
    2024,
    314,
    577,
    1337,
    8080
  ],
  "n_seeds": 10,
  "groups": {
    "rlm_fast": {
      "mean": 335.6056417243167,
      "std": 19.600337555440085,
      "n_agents_per_seed": 4
    },
    "honest": {
      "mean": 242.75510735171133,
      "std": 58.12761897726734,
      "n_agents_per_seed": 4
    },
    "adaptive_adversary": {
      "mean": 221.49030502023115,
      "std": 174.54942728413758,
      "n_agents_per_seed": 2
    }
  },
  "tests": {
    "ttest_rlm_vs_honest": {
      "t": 4.78649581832198,
      "p": 0.00014768849789047973,
      "cohens_d": 2.140586004757287,
      "survives_bonferroni": true,
      "survives_holm": true
    },
    "ttest_rlm_vs_adversary": {
      "t": 2.0544928611032387,
      "p": 0.05474107581083906,
      "cohens_d": 0.918797139342975,
      "survives_bonferroni": false,
      "survives_holm": false
    },
    "ttest_honest_vs_adversary": {
      "t": 0.3655153372554276,
      "p": 0.7189867272289012,
      "cohens_d": 0.16346342818437956,
      "survives_bonferroni": false,
      "survives_holm": false
    },
    "anova_all_groups": {
      "F": 3.227491020943492,
      "p": 0.05535922497369087,
      "survives_bonferroni": false,
      "survives_holm": false
    }
  },
  "gini_coefficient": 0.3253,
  "n_tests": 5,
  "bonferroni_alpha": 0.01
}