agents.ldt.config.acausality_depth,run_index,seed,total_interactions,accepted_interactions,toxicity_rate,quality_gap,welfare,welfare_per_epoch,n_agents,n_frozen,avg_reputation,avg_payoff,min_payoff,max_payoff,honest_payoff,opportunistic_payoff,deceptive_payoff,adversarial_payoff
1,0,43,139,128,0.33783553627702395,0.11708425698308038,125.69890097329483,12.569890097329482,7,0,2.93804290349023,17.956985853327833,2.6989185763797265,49.85418899837303,22.166209732684372,12.168933733493246,0.0,2.6989185763797265
1,1,44,155,139,0.33169994515890433,0.18820586641470408,139.3137749140987,13.93137749140987,7,0,3.324465472099938,19.901967844871244,2.798744954474303,49.30957089914417,23.426611839873576,19.381970760256532,0.0,2.798744954474303
1,2,45,136,125,0.33339171003093404,0.14147219410857653,124.76412638498667,12.476412638498667,7,0,2.9649583992850794,17.82344662642667,2.656539875470444,55.01180508519032,23.24786326274168,5.868270195807844,0.0,2.656539875470444
2,0,46,130,118,0.3350031170553697,0.17954156360718743,118.11774513098288,11.811774513098289,7,0,2.815130720522994,16.87396359014041,3.047954321757797,29.96082692944519,17.326063577797477,28.439472920237687,0.0,3.047954321757797
2,1,47,149,129,0.3297484059181773,0.18340138662542516,130.8198945109105,13.08198945109105,7,0,3.1580902148052616,18.688556358701497,3.702263449088216,57.33152101643557,23.71970874030367,8.519087360303914,0.0,3.702263449088216
2,2,48,138,126,0.34693031535091085,0.16594257102166243,121.92588209552987,12.192588209552987,7,0,2.805994385501422,17.417983156504267,4.489261571156442,45.672302546847774,20.639579993597724,14.238720556384816,0.0,4.489261571156442
3,0,49,144,131,0.3399760578555135,0.2231097998336263,129.35579660168895,12.935579660168894,7,0,3.040752219128046,18.479399514526996,2.775245245552423,45.09460429559333,21.445281160146806,19.354145555402535,0.0,2.775245245552423
3,1,50,142,127,0.3269864489179547,0.22165184165240168,130.13919604469936,13.013919604469937,7,0,3.173295049747589,18.591313720671337,3.8154615573230246,55.481453630996135,23.581343317317994,8.417017900786352,0.0,3.8154615573230246
3,2,51,131,112,0.33801214124036455,0.10348274921193364,111.13609837409726,11.113609837409726,7,0,2.6255284940046315,15.876585482013898,3.033165578184446,38.25223862448527,18.14127917521058,17.396536919859937,0.0,3.033165578184446
