{
  "scenario": "kernel_market_baseline",
  "total_runs": 80,
  "seeds_per_config": 10,
  "configurations": 8,
  "tax_effects": {
    "0.0": {
      "welfare_mean": 4.8633441284098975,
      "welfare_sd": 1.390798703838727,
      "toxicity_mean": 0.3924204738853692,
      "toxicity_sd": 0.03362289146048015,
      "honest_mean": 3.6914968150896903,
      "opp_mean": 3.630205948158556,
      "adv_mean": -1.4011753297160792
    },
    "0.05": {
      "welfare_mean": 4.2723691223869915,
      "welfare_sd": 1.4089500237015984,
      "toxicity_mean": 0.39142387522967564,
      "toxicity_sd": 0.03280380246672316,
      "honest_mean": 3.3430100958575864,
      "opp_mean": 3.226296927074928,
      "adv_mean": -1.8057987215028342
    },
    "0.1": {
      "welfare_mean": 4.464384558369541,
      "welfare_sd": 1.0573157903234234,
      "toxicity_mean": 0.3930391827298094,
      "toxicity_sd": 0.023436039566408984,
      "honest_mean": 3.391922910691259,
      "opp_mean": 3.6941591394194773,
      "adv_mean": -2.026010040447545
    },
    "0.15": {
      "welfare_mean": 4.172331760053565,
      "welfare_sd": 1.2630032089565664,
      "toxicity_mean": 0.3937702760909872,
      "toxicity_sd": 0.025918367015671948,
      "honest_mean": 3.4572599606418377,
      "opp_mean": 2.62397154162492,
      "adv_mean": -1.6725840861912116
    }
  },
  "key_finding": "No significant tax rate effects on welfare or toxicity (0/12 hypotheses survive any correction)",
  "cb_finding": "Circuit breaker shows marginal toxicity effect (p=0.017, d=0.55) but does not survive Bonferroni",
  "agent_finding": "All 6 pairwise agent-type comparisons are Bonferroni-significant. Benchmark gamers earn -3.37, kernel authors earn 32.21 (d=3.28)",
  "n_bonferroni_significant": 0,
  "n_bh_significant": 0,
  "total_hypotheses": 12
}