{
  "adversarial_sweep": {
    "none": {
      "fraction_stats": {
        "0.0": {
          "regime_mode": "cooperative",
          "collapse_rate": 0.0,
          "acceptance_mean": 1.0,
          "toxicity_mean": 0.2478405078746213,
          "quality_gap_mean": 0.0,
          "welfare_mean": 15.964920225426273,
          "n_runs": 20
        },
        "0.05": {
          "regime_mode": "cooperative",
          "collapse_rate": 0.0,
          "acceptance_mean": 0.9349355490577207,
          "toxicity_mean": 0.2811754093055562,
          "quality_gap_mean": 0.0810206199582606,
          "welfare_mean": 15.204192491689351,
          "n_runs": 20
        },
        "0.1": {
          "regime_mode": "cooperative",
          "collapse_rate": 0.0,
          "acceptance_mean": 0.8682233852381523,
          "toxicity_mean": 0.3264572985257896,
          "quality_gap_mean": 0.12360100895364108,
          "welfare_mean": 13.249643713639543,
          "n_runs": 20
        },
        "0.15": {
          "regime_mode": "cooperative",
          "collapse_rate": 0.05,
          "acceptance_mean": 0.8427591306829629,
          "toxicity_mean": 0.3465304403959269,
          "quality_gap_mean": 0.1351717424107762,
          "welfare_mean": 12.586791248591155,
          "n_runs": 20
        },
        "0.2": {
          "regime_mode": "contested",
          "collapse_rate": 0.05,
          "acceptance_mean": 0.7954252230260531,
          "toxicity_mean": 0.34703517925527944,
          "quality_gap_mean": 0.16437632797898383,
          "welfare_mean": 11.491578259540319,
          "n_runs": 20
        },
        "0.25": {
          "regime_mode": "contested",
          "collapse_rate": 0.1,
          "acceptance_mean": 0.7519872638605561,
          "toxicity_mean": 0.35689793895839456,
          "quality_gap_mean": 0.15974050099775686,
          "welfare_mean": 11.179565533713696,
          "n_runs": 20
        },
        "0.3": {
          "regime_mode": "contested",
          "collapse_rate": 0.1,
          "acceptance_mean": 0.7325259761539283,
          "toxicity_mean": 0.3620282696220284,
          "quality_gap_mean": 0.1566757469453663,
          "welfare_mean": 11.161803016819452,
          "n_runs": 20
        },
        "0.375": {
          "regime_mode": "contested",
          "collapse_rate": 0.1,
          "acceptance_mean": 0.6477464229795324,
          "toxicity_mean": 0.39089428147201993,
          "quality_gap_mean": 0.14378339393911904,
          "welfare_mean": 8.780072082880634,
          "n_runs": 20
        },
        "0.5": {
          "regime_mode": "contested",
          "collapse_rate": 0.35,
          "acceptance_mean": 0.5246845171916413,
          "toxicity_mean": 0.42512234485093225,
          "quality_gap_mean": 0.12405018539008868,
          "welfare_mean": 6.399159487909795,
          "n_runs": 20
        }
      },
      "critical_fraction": null
    },
    "basic": {
      "fraction_stats": {
        "0.0": {
          "regime_mode": "cooperative",
          "collapse_rate": 0.0,
          "acceptance_mean": 1.0,
          "toxicity_mean": 0.24578833668821018,
          "quality_gap_mean": 0.0,
          "welfare_mean": 15.936712890071195,
          "n_runs": 20
        },
        "0.05": {
          "regime_mode": "cooperative",
          "collapse_rate": 0.0,
          "acceptance_mean": 0.9374897885185998,
          "toxicity_mean": 0.278144082178421,
          "quality_gap_mean": 0.08982696865592975,
          "welfare_mean": 13.9875002468229,
          "n_runs": 20
        },
        "0.1": {
          "regime_mode": "cooperative",
          "collapse_rate": 0.05,
          "acceptance_mean": 0.878359782457078,
          "toxicity_mean": 0.3334020211908175,
          "quality_gap_mean": 0.11040075916376872,
          "welfare_mean": 12.622658685525495,
          "n_runs": 20
        },
        "0.15": {
          "regime_mode": "contested",
          "collapse_rate": 0.1,
          "acceptance_mean": 0.8407954494763228,
          "toxicity_mean": 0.344977363296012,
          "quality_gap_mean": 0.1360844851170877,
          "welfare_mean": 11.664398404455513,
          "n_runs": 20
        },
        "0.2": {
          "regime_mode": "contested",
          "collapse_rate": 0.1,
          "acceptance_mean": 0.8033795196771006,
          "toxicity_mean": 0.3477589547808243,
          "quality_gap_mean": 0.16367277790045603,
          "welfare_mean": 11.141239295100853,
          "n_runs": 20
        },
        "0.25": {
          "regime_mode": "contested",
          "collapse_rate": 0.1,
          "acceptance_mean": 0.7456348264348873,
          "toxicity_mean": 0.3548052824928781,
          "quality_gap_mean": 0.16412489705266223,
          "welfare_mean": 10.76956573890362,
          "n_runs": 20
        },
        "0.3": {
          "regime_mode": "contested",
          "collapse_rate": 0.1,
          "acceptance_mean": 0.7392145418577544,
          "toxicity_mean": 0.36017848166515554,
          "quality_gap_mean": 0.15056930777220912,
          "welfare_mean": 9.94247111469193,
          "n_runs": 20
        },
        "0.375": {
          "regime_mode": "contested",
          "collapse_rate": 0.15,
          "acceptance_mean": 0.6764273509527793,
          "toxicity_mean": 0.38849885461938666,
          "quality_gap_mean": 0.14451649579900544,
          "welfare_mean": 8.660197184081484,
          "n_runs": 20
        },
        "0.5": {
          "regime_mode": "contested",
          "collapse_rate": 0.4,
          "acceptance_mean": 0.5022053112566127,
          "toxicity_mean": 0.4182408487123581,
          "quality_gap_mean": 0.1336700122856431,
          "welfare_mean": 5.735816994004695,
          "n_runs": 20
        }
      },
      "critical_fraction": null
    },
    "moderate": {
      "fraction_stats": {
        "0.0": {
          "regime_mode": "cooperative",
          "collapse_rate": 0.0,
          "acceptance_mean": 1.0,
          "toxicity_mean": 0.25138869303524525,
          "quality_gap_mean": 0.0,
          "welfare_mean": 15.037490927253973,
          "n_runs": 20
        },
        "0.05": {
          "regime_mode": "cooperative",
          "collapse_rate": 0.0,
          "acceptance_mean": 0.9928201614124481,
          "toxicity_mean": 0.2616757370632569,
          "quality_gap_mean": 0.01987047606728371,
          "welfare_mean": 14.46091313008839,
          "n_runs": 20
        },
        "0.1": {
          "regime_mode": "cooperative",
          "collapse_rate": 0.0,
          "acceptance_mean": 0.9748754841958673,
          "toxicity_mean": 0.2733465398281672,
          "quality_gap_mean": 0.05922795914967276,
          "welfare_mean": 12.693802825304086,
          "n_runs": 20
        },
        "0.15": {
          "regime_mode": "cooperative",
          "collapse_rate": 0.0,
          "acceptance_mean": 0.9598379536986539,
          "toxicity_mean": 0.28118276512534635,
          "quality_gap_mean": 0.07122909368243371,
          "welfare_mean": 12.95423754089569,
          "n_runs": 20
        },
        "0.2": {
          "regime_mode": "cooperative",
          "collapse_rate": 0.0,
          "acceptance_mean": 0.9412654445872566,
          "toxicity_mean": 0.2763524279110041,
          "quality_gap_mean": 0.08104834482087916,
          "welfare_mean": 12.092908294605403,
          "n_runs": 20
        },
        "0.25": {
          "regime_mode": "cooperative",
          "collapse_rate": 0.0,
          "acceptance_mean": 0.9265438452920955,
          "toxicity_mean": 0.28650759303881007,
          "quality_gap_mean": 0.08782245369471557,
          "welfare_mean": 11.38359331441043,
          "n_runs": 20
        },
        "0.3": {
          "regime_mode": "cooperative",
          "collapse_rate": 0.0,
          "acceptance_mean": 0.9373814649763318,
          "toxicity_mean": 0.3026442596638769,
          "quality_gap_mean": 0.07686430533339211,