{
  "scenario": "kernel_market_v2",
  "total_runs": 80,
  "seeds_per_config": 10,
  "configurations": 8,
  "tax_effects": {
    "0.0": {
      "welfare_mean": 14.059379261730745,
      "welfare_sd": 5.0596573466752535,
      "toxicity_mean": 0.43847353708517856,
      "toxicity_sd": 0.02361528577860159,
      "honest_mean": 2.9714549820257212,
      "opp_mean": 2.721872660959337,
      "adv_mean": -1.5103018336122127
    },
    "0.05": {
      "welfare_mean": 10.433608484173105,
      "welfare_sd": 3.732100642127715,
      "toxicity_mean": 0.4474183187075457,
      "toxicity_sd": 0.019035201310688872,
      "honest_mean": 2.1732770438128854,
      "opp_mean": 2.3664358617425227,
      "adv_mean": -1.5927651162465604
    },
    "0.1": {
      "welfare_mean": 8.968809187695669,
      "welfare_sd": 5.154873807001246,
      "toxicity_mean": 0.44847085322445446,
      "toxicity_sd": 0.02078740116761186,
      "honest_mean": 1.8562074660777044,
      "opp_mean": 2.2861917380314822,
      "adv_mean": -1.7291942123159463
    },
    "0.15": {
      "welfare_mean": 7.988170774129836,
      "welfare_sd": 5.1426143154448765,
      "toxicity_mean": 0.4504648378626787,
      "toxicity_sd": 0.02044392567239682,
      "honest_mean": 1.845791043990673,
      "opp_mean": 1.998355969060792,
      "adv_mean": -1.7721351325122803
    }
  },
  "key_finding": "total_welfare: 0.0 vs 0.15, p=0.000566, d=1.19",
  "cb_finding": "CB welfare: p=0.3382, d=-0.22",
  "agent_finding": "honest=2.21, opp=2.34, adv=-1.65",
  "n_bonferroni_significant": 1,
  "n_bh_significant": 1,
  "total_hypotheses": 42
}