{
  "scenario": "rlm_recursive_collusion",
  "total_runs": 80,
  "seeds_per_config": 10,
  "configurations": 8,
  "agent_groups": {
    "rlm_shallow": {
      "mean": 214.8850371144806,
      "std": 7.5533679480636025,
      "n": 90
    },
    "honest": {
      "mean": 592.9795868661588,
      "std": 406.49946046334503,
      "n": 30
    }
  },
  "tax_effects": {
    "0.0": {
      "welfare_mean": 103.96196286698098,
      "welfare_sd": 9.62297788498591,
      "toxicity_mean": 0.33570599345331875,
      "toxicity_sd": 0.0044862838408735485
    },
    "0.05": {
      "welfare_mean": 103.11346401332887,
      "welfare_sd": 5.8461511665467745,
      "toxicity_mean": 0.3393661677259657,
      "toxicity_sd": 0.0047834768896013995
    },
    "0.1": {
      "welfare_mean": 98.16471868652509,
      "welfare_sd": 5.33261652314999,
      "toxicity_mean": 0.34164907706901104,
      "toxicity_sd": 0.0040585542827079775
    },
    "0.15": {
      "welfare_mean": 93.38526201374512,
      "welfare_sd": 5.885870265500491,
      "toxicity_mean": 0.34677702762957774,
      "toxicity_sd": 0.004561263881640907
    }
  },
  "key_tests": [
    {
      "test": "0% vs 15% welfare",
      "p": 0.00020809900693799356,
      "d": 1.3260031694863663
    },
    {
      "test": "0% vs 15% toxicity",
      "p": 2.523491131981753e-09,
      "d": -2.4472164959345526
    }
  ],
  "n_bonferroni_significant": 6,
  "n_bh_significant": 10,
  "total_hypotheses": 12
}